,NSk_mean,NSk_min,NSk_max,NSk_std,TV,CH
0,0.9230906427873564,0.667125026135377,1.139117605832639,0.12957988067390175,33096.48633576251,562390.7661884802
