,NSk_mean,NSk_min,NSk_max,NSk_std,TV,CH
0,0.9317454341187119,0.37946145227796196,1.505905862933998,0.2663942426024323,33387.34252614337,289390.1262579413
