,NSk_mean,NSk_min,NSk_max,NSk_std,TV,CH
0,0.904824662792017,0.6662215293311821,1.208953743864696,0.153573537711528,33906.37027056792,671301.0348909597
