,NSk_mean,NSk_min,NSk_max,NSk_std,TV,CH
0,0.9095974974906706,0.6662215293311821,1.208953743864696,0.15692622757087485,35877.714989163476,803583.6999428472
