,NSk_mean,NSk_min,NSk_max,NSk_std,TV,CH
0,0.9114075294848524,0.494997441857395,1.4678744430500608,0.21409696214635468,31987.639451227064,394833.7210310868
