,NSk_mean,NSk_min,NSk_max,NSk_std,TV,CH
0,0.9452412676713647,0.540353685050499,1.3711018176610859,0.1939035395807589,34169.27510971952,342697.1032904137
