,NSk_mean,NSk_min,NSk_max,NSk_std,TV,CH
0,0.9059510709561577,0.5922700573809321,1.3180722200314656,0.17641097367316622,32618.21008051019,362055.42727690004
