,NSk_mean,NSk_min,NSk_max,NSk_std,TV,CH
0,0.9452412676713647,0.540353685050499,1.3711018176610859,0.19390353958075893,34169.27510971952,349185.64005586086
