,NSk_mean,NSk_min,NSk_max,NSk_std,TV,CH
0,0.9465954347096762,0.4130214185690262,1.5566620490539744,0.35918843950998935,34867.82428247287,865430.2470035178
