,NSk_mean,NSk_min,NSk_max,NSk_std,TV,CH
0,0.9405159529052988,0.8550732339135277,1.0855999820741973,0.0840778181111628,36187.5316908144,2031682.6750969603
