,NSk_mean,NSk_min,NSk_max,NSk_std,TV,CH
0,0.9215035277580389,0.4543404304825676,1.505905862933998,0.2477583135923667,34143.717918350456,219746.55915614337
