,NSk_mean,NSk_min,NSk_max,NSk_std,TV,CH
0,0.9452471551131055,0.5097382166994487,1.4456038625993441,0.24671431608674968,34121.44912967585,416338.97784654365
