,NSk_mean,NSk_min,NSk_max,NSk_std,TV,CH
0,0.9244986893972017,0.6387546968225547,1.314169085945675,0.1743209651694553,33514.95991454135,306202.63852426346
