,NSk_mean,NSk_min,NSk_max,NSk_std,TV,CH
0,0.9208713633979441,0.47018846478644705,1.4465619694172422,0.23452494733016038,32168.090255043455,364352.9235132103
