,NSk_mean,NSk_min,NSk_max,NSk_std,TV,CH
0,0.9440360108788612,0.48756408141715935,1.4456038625993441,0.2828601842722783,34412.59220945689,666625.5605111219
