,NSk_mean,NSk_min,NSk_max,NSk_std,TV,CH
0,0.9049123798065255,0.6245148497343719,1.221557057416679,0.16134162770678123,34401.10686842252,382077.23722903157
