,NSk_mean,NSk_min,NSk_max,NSk_std,TV,CH
0,0.9086433735328078,0.45077749084844637,1.507875514019163,0.24941226532724162,33495.68830935196,284503.2774489661
