,NSk_mean,NSk_min,NSk_max,NSk_std,TV,CH
0,0.9227683656928569,0.5930710290939754,1.3119667941158617,0.17505845174530005,34104.74939158821,282128.69572365144
