,NSk_mean,NSk_min,NSk_max,NSk_std,TV,CH
0,0.9309600138023649,0.4040379271879772,1.505905862933998,0.2603310763243358,33615.61968178619,249744.80313077295
