,NSk_mean,NSk_min,NSk_max,NSk_std,TV,CH
0,0.9304170675638392,0.6053351945319279,1.3718213731334779,0.1851565396838053,33621.537619855255,334680.4914753136
