,NSk_mean,NSk_min,NSk_max,NSk_std,TV,CH
0,0.9344335730533824,0.6053351945319279,1.3718213731334779,0.1780628614764652,33600.82738827692,292918.19909581414
