,NSk_mean,NSk_min,NSk_max,NSk_std,TV,CH
0,0.9625303485585868,0.4835530622310078,1.4058467082354167,0.2698587624084512,35167.75802510327,886230.60461201
