,NSk_mean,NSk_min,NSk_max,NSk_std,TV,CH
0,0.9266108113429462,0.47259983090528124,1.4465619694172422,0.24143892807844064,32858.051098305186,399172.6821452966
