,NSk_mean,NSk_min,NSk_max,NSk_std,TV,CH
0,0.9309294506925669,0.36862146739558493,1.505905862933998,0.2661941193880752,32968.90929635957,177163.33384890272
