,NSk_mean,NSk_min,NSk_max,NSk_std,TV,CH
0,0.9405159529052988,0.8550732339135277,1.0855999820741973,0.08407781811116279,36187.5316908144,1698131.777988184
