,NSk_mean,NSk_min,NSk_max,NSk_std,TV,CH
0,0.9449794873703894,0.47018846478644705,1.4456038625993441,0.2652254447623641,33560.799567723945,487756.3229307884
