,NSk_mean,NSk_min,NSk_max,NSk_std,TV,CH
0,0.9579330963871201,0.4678841064865412,1.5127384985168462,0.3481101013069553,34796.35291461078,1161904.9995457907
