,NSk_mean,NSk_min,NSk_max,NSk_std,TV,CH
0,0.9267728919131424,0.36862146739558493,1.4678744430500608,0.2596744652821253,32222.186116175595,260404.02756009353
