,NSk_mean,NSk_min,NSk_max,NSk_std,TV,CH
0,0.931770187527255,0.49920544280126034,1.4555056795202697,0.21020734268310057,33335.2693476686,241770.01152300797
