,NSk_mean,NSk_min,NSk_max,NSk_std,TV,CH
0,0.8701885555170185,0.4157854264639694,1.2730427942798959,0.19951752795612127,34194.71585027549,371741.1307192629
