,NSk_mean,NSk_min,NSk_max,NSk_std,TV,CH
0,0.9565248630040996,0.8176592320103405,1.1667807644768027,0.10459246472901518,34719.51748265236,1157246.9738245008
