,NSk_mean,NSk_min,NSk_max,NSk_std,TV,CH
0,0.9241856196743473,0.7318807562863829,1.1144515302699198,0.10800086874473722,34113.363347370185,1124737.4782028669
