,NSk_mean,NSk_min,NSk_max,NSk_std,TV,CH
0,0.9141376041505251,0.6019210267481141,1.3012040306519568,0.17394868595413748,32920.73284265292,423542.1962937607
