,NSk_mean,NSk_min,NSk_max,NSk_std,TV,CH
0,0.9400037234460932,0.536464443201998,1.3385316362275896,0.22662136846569603,33150.55687891311,443757.9449081574
