,NSk_mean,NSk_min,NSk_max,NSk_std,TV,CH
0,0.9267089688884562,0.36862146739558493,1.505905862933998,0.25539967684107784,32975.01960396635,232836.93885094402
