,NSk_mean,NSk_min,NSk_max,NSk_std,TV,CH
0,0.9179160027088665,0.5198957536827726,1.3871676997108005,0.19810374009539247,33440.81060126309,220286.48259996902
