,NSk_mean,NSk_min,NSk_max,NSk_std,TV,CH
0,0.873019461146141,0.41543996203699934,1.3295519997700427,0.22086396491153065,33720.19605741176,383558.11805606436
