,NSk_mean,NSk_min,NSk_max,NSk_std,TV,CH
0,0.9221670883991604,0.36862146739558493,1.505905862933998,0.2700630360492411,32299.65868467617,225779.23108713268
