,NSk_mean,NSk_min,NSk_max,NSk_std,TV,CH
0,0.9359937225024607,0.540353685050499,1.3970152552014337,0.1962385975122391,33614.257937706236,282665.39015397796
