,NSk_mean,NSk_min,NSk_max,NSk_std,TV,CH
0,0.913579676882877,0.5922700573809321,1.3180722200314656,0.1782796894508444,32313.65942240365,305148.5962982173
