,NSk_mean,NSk_min,NSk_max,NSk_std,TV,CH
0,0.9119388763162787,0.5465906780651199,1.3544857133763257,0.19034358689174238,33064.2992531412,238836.34781753845
