,NSk_mean,NSk_min,NSk_max,NSk_std,TV,CH
0,0.8935514708878254,0.41543996203699934,1.507875514019163,0.26183769065690987,33246.88420749191,240843.44326282703
