,NSk_mean,NSk_min,NSk_max,NSk_std,TV,CH
0,0.8970475294190411,0.5707320830321433,1.3737109199410258,0.21184506075495424,32078.83329668901,560872.6304964875
