,NSk_mean,NSk_min,NSk_max,NSk_std,TV,CH
0,0.9326228367193422,0.47259983090528124,1.4465619694172422,0.22880142255477204,32837.34086672685,330947.1296061448
