,NSk_mean,NSk_min,NSk_max,NSk_std,TV,CH
0,0.9344335730533825,0.6053351945319279,1.3718213731334779,0.17806286147646522,33600.82738827692,204766.48786035203
