,NSk_mean,NSk_min,NSk_max,NSk_std,TV,CH
0,0.9079709469258834,0.6715329453788347,1.1819172265349454,0.14221725287906575,33545.00728018809,626137.72774752
