,NSk_mean,NSk_min,NSk_max,NSk_std,TV,CH
0,0.9449886471002672,0.8103692787047416,1.0633820981321793,0.083524415344519,35327.58627826211,1706224.7073710063
