,NSk_mean,NSk_min,NSk_max,NSk_std,TV,CH
0,0.9147984606976299,0.5601846711527025,1.221557057416679,0.16665233852016642,34100.73118768056,397653.5708644442
