,NSk_mean,NSk_min,NSk_max,NSk_std,TV,CH
0,0.8821299457102654,0.6871743494487801,1.05762354053509,0.12365617857631574,33230.436033819824,787149.9615185799
