,NSk_mean,NSk_min,NSk_max,NSk_std,TV,CH
0,0.9285853350659888,0.4040379271879772,1.505905862933998,0.2539592818583671,33300.37879073849,200033.95091917907
