,NSk_mean,NSk_min,NSk_max,NSk_std,TV,CH
0,0.9107471990155719,0.46612611808183024,1.4494685258971025,0.23472176271631529,32760.53201997105,292878.7644815988
