,NSk_mean,NSk_min,NSk_max,NSk_std,TV,CH
0,0.9499730053241306,0.6739936757688718,1.1764769725012847,0.13521207867158175,34508.52048354384,820385.4146407391
