,NSk_mean,NSk_min,NSk_max,NSk_std,TV,CH
0,0.8873183589151393,0.5551928239153429,1.2750598130813204,0.18671068307145905,32309.053188995025,492335.5711012283
