,NSk_mean,NSk_min,NSk_max,NSk_std,TV,CH
0,0.9209021992641583,0.7630885492031787,1.050709625268337,0.10352433806345857,36128.600303709594,1175498.9385860488
