,NSk_mean,NSk_min,NSk_max,NSk_std,TV,CH
0,0.8917635746211797,0.587849871637918,1.1432833393186745,0.15048890533198478,32846.512751911396,523218.2268837647
