,NSk_mean,NSk_min,NSk_max,NSk_std,TV,CH
0,0.946595434709676,0.4130214185690262,1.5566620490539744,0.3591884395099893,34867.82428247287,888475.6299764509
