,NSk_mean,NSk_min,NSk_max,NSk_std,TV,CH
0,0.930929450692567,0.36862146739558493,1.505905862933998,0.2661941193880752,32968.90929635957,227232.92844135454
