,NSk_mean,NSk_min,NSk_max,NSk_std,TV,CH
0,0.929612486985978,0.8452872899997895,1.080088754730142,0.08152634150029987,35886.09005381512,1940593.0337296512
