,NSk_mean,NSk_min,NSk_max,NSk_std,TV,CH
0,0.9253989615600664,0.5413239011411832,1.4465619694172422,0.23302095132928222,33408.56162896954,295607.2901085286
