,NSk_mean,NSk_min,NSk_max,NSk_std,TV,CH
0,0.9155806616693408,0.6371064960910587,1.1432833393186745,0.13375893933794905,33105.9294797365,481234.72277284897
