,NSk_mean,NSk_min,NSk_max,NSk_std,TV,CH
0,0.9311936051184588,0.5363496435397291,1.4331740138231932,0.20170752423540594,33563.54650331143,227638.80927024022
