,NSk_mean,NSk_min,NSk_max,NSk_std,TV,CH
0,0.9434115129711894,0.7609678522983323,1.2072357852339248,0.1343964104405114,34602.575613553316,1123791.023173021
