,NSk_mean,NSk_min,NSk_max,NSk_std,TV,CH
0,0.9119388763162787,0.5465906780651199,1.3544857133763257,0.1903435868917424,33064.2992531412,246350.81405373596
