,NSk_mean,NSk_min,NSk_max,NSk_std,TV,CH
0,0.9178690519353802,0.6372281638197465,1.3431063332290973,0.17423350199412474,33977.407366810796,412406.302466314
