,NSk_mean,NSk_min,NSk_max,NSk_std,TV,CH
0,0.9178567426118335,0.5930710290939754,1.3119667941158617,0.18417012999923824,34125.459623166535,354923.6460769155
