,NSk_mean,NSk_min,NSk_max,NSk_std,TV,CH
0,0.9288247376161596,0.540353685050499,1.3970152552014337,0.1871880510470925,33526.681170714255,450071.6677815659
