,mape,smape,nrmse,mae
value,0.39262515,0.5174654,0.4533381,130.0793
