,mape,smape,nrmse,mae
value,0.51769006,0.8166345,0.6046654,190.07945
