,NSk_mean,NSk_min,NSk_max,NSk_std,TV,CH
0,0.910533131113191,0.5922700573809321,1.3180722200314656,0.1783020867178406,32864.23453458427,298589.75604000926
