,NSk_mean,NSk_min,NSk_max,NSk_std,TV,CH
0,0.9154588259656539,0.46612611808183024,1.4102984271385128,0.22483283450557828,33964.542752887784,424337.6901154319
