,NSk_mean,NSk_min,NSk_max,NSk_std,TV,CH
0,0.946595434709676,0.4130214185690262,1.5566620490539744,0.35918843950998924,34867.82428247287,803670.0889184009
