,NSk_mean,NSk_min,NSk_max,NSk_std,TV,CH
0,0.905657314371973,0.7046280271124392,1.050709625268337,0.11521489813004272,35928.54056155543,1130078.2141595082
