,NSk_mean,NSk_min,NSk_max,NSk_std,TV,CH
0,0.8976055463439107,0.7046280271124392,1.114247770295669,0.13004369591323023,33957.19584295987,805796.4442805503
