,NSk_mean,NSk_min,NSk_max,NSk_std,TV,CH
0,0.9267089688884567,0.36862146739558493,1.505905862933998,0.2553996768410778,32975.01960396635,186958.29678360763
