,NSk_mean,NSk_min,NSk_max,NSk_std,TV,CH
0,0.9746081831894481,0.8567045658435029,1.1432241335818167,0.09405391313894632,35917.69109214894,1035212.873422109
