,NSk_mean,NSk_min,NSk_max,NSk_std,TV,CH
0,0.9037433139823127,0.46612611808183024,1.4494685258971025,0.24492162807360227,32683.8667283764,352561.7864519498
