,NSk_mean,NSk_min,NSk_max,NSk_std,TV,CH
0,0.9262462231753383,0.5057535128298669,1.4324661096574067,0.22204288636199881,34441.197849742486,423797.5308487697
