,NSk_mean,NSk_min,NSk_max,NSk_std,TV,CH
0,0.9468281433625583,0.7783267836654454,1.1308677066993873,0.11585030606935309,34628.91950014639,1026825.6675440165
