,NSk_mean,NSk_min,NSk_max,NSk_std,TV,CH
0,0.9242464102984359,0.4040379271879772,1.4465619694172422,0.24533868181519425,32542.88005916689,268941.94354317285
