,NSk_mean,NSk_min,NSk_max,NSk_std,TV,CH
0,0.9048246627920169,0.6662215293311821,1.208953743864696,0.15357353771152799,33906.37027056792,508893.6695052914
