,NSk_mean,NSk_min,NSk_max,NSk_std,TV,CH
0,0.882129945710265,0.6871743494487801,1.05762354053509,0.12365617857631575,33230.436033819824,790163.3210168693
