,NSk_mean,NSk_min,NSk_max,NSk_std,TV,CH
0,0.9285763953200014,0.6271082461560376,1.3718213731334779,0.18282294840200491,34151.054983883485,189811.09650437033
