,NSk_mean,NSk_min,NSk_max,NSk_std,TV,CH
0,0.9312874273092062,0.5930710290939754,1.2898522446199012,0.17070495748637304,34583.34724305526,350962.6920242716
