,NSk_mean,NSk_min,NSk_max,NSk_std,TV,CH
0,0.921503527758039,0.4543404304825676,1.505905862933998,0.2477583135923667,34143.717918350456,290975.29936607095
