,NSk_mean,NSk_min,NSk_max,NSk_std,TV,CH
0,0.9449886471002672,0.8103692787047416,1.0633820981321793,0.08352441534451899,35327.58627826211,2010951.2927212839
