,NSk_mean,NSk_min,NSk_max,NSk_std,TV,CH
0,0.9283074586665995,0.37946145227796196,1.4555056795202697,0.25454044553124766,33287.44336762493,308560.6084432208
