,NSk_mean,NSk_min,NSk_max,NSk_std,TV,CH
0,0.9059828473347301,0.41543996203699934,1.505905862933998,0.26068708701831045,33898.68697850967,291363.8327439805
