,NSk_mean,NSk_min,NSk_max,NSk_std,TV,CH
0,0.9317701875272552,0.49920544280126034,1.4555056795202697,0.21020734268310057,33335.2693476686,250266.4231063957
