,NSk_mean,NSk_min,NSk_max,NSk_std,TV,CH
0,0.9288247376161597,0.540353685050499,1.3970152552014337,0.18718805104709252,33526.681170714255,397716.15351953416
