,NSk_mean,NSk_min,NSk_max,NSk_std,TV,CH
0,0.8939874517054684,0.6233666430972102,1.139117605832639,0.14511085019738573,32838.73669056531,638847.4275690286
