,NSk_mean,NSk_min,NSk_max,NSk_std,TV,CH
0,0.9085607167593596,0.5066503677264728,1.4049700242147587,0.20117642532124605,32666.938156453547,318876.876046343
