,NSk_mean,NSk_min,NSk_max,NSk_std,TV,CH
0,0.9206790086247824,0.4060622884396483,1.505905862933998,0.22840543008205325,32775.47130248077,232460.64722171825
