,NSk_mean,NSk_min,NSk_max,NSk_std,TV,CH
0,0.9192513627611775,0.37946145227796196,1.4512976387977798,0.25754482018483965,32200.333977804283,332726.43101951247
