,NSk_mean,NSk_min,NSk_max,NSk_std,TV,CH
0,0.9233124019836331,0.37946145227796196,1.505905862933998,0.268893676370441,32300.233136322724,252912.71701478478
