,NSk_mean,NSk_min,NSk_max,NSk_std,TV,CH
0,0.9213536295743165,0.47018846478644705,1.4456038625993441,0.23170939205654556,32863.847795848815,357355.9821269084
