,NSk_mean,NSk_min,NSk_max,NSk_std,TV,CH
0,0.9317454341187117,0.37946145227796196,1.505905862933998,0.26639424260243233,33387.34252614337,235559.3307540114
