,NSk_mean,NSk_min,NSk_max,NSk_std,TV,CH
0,0.9214223867603121,0.5198957536827726,1.3871676997108005,0.1898359730572397,33420.100369684755,234988.9333857305
