,NSk_mean,NSk_min,NSk_max,NSk_std,TV,CH
0,0.9335074378820806,0.47018846478644705,1.4456038625993441,0.24767477548635286,33566.43195766256,383085.48944709013
