,NSk_mean,NSk_min,NSk_max,NSk_std,TV,CH
0,0.9274932730671578,0.4040379271879772,1.4456038625993441,0.24712656597923888,33515.72052326775,294031.93789374223
