,NSk_mean,NSk_min,NSk_max,NSk_std,TV,CH
0,0.9059715260015422,0.5601846711527025,1.221557057416679,0.16937748935459182,34121.44141925889,455623.1889983988
