,NSk_mean,NSk_min,NSk_max,NSk_std,TV,CH
0,0.9188012019084579,0.5066503677264728,1.4049700242147587,0.19269307184940818,33250.306501850326,277540.9072696433
