,NSk_mean,NSk_min,NSk_max,NSk_std,TV,CH
0,0.9575631173943643,0.48279881678593184,1.394613162891425,0.3037525415877643,34808.18817740977,1191045.5031583195
