,NSk_mean,NSk_min,NSk_max,NSk_std,TV,CH
0,0.9115662541238978,0.7318807562863829,1.114247770295669,0.12414682496500697,33986.36952368085,857062.3274086376
