,NSk_mean,NSk_min,NSk_max,NSk_std,TV,CH
0,0.9366135758621943,0.540353685050499,1.3970152552014337,0.19929949277524922,33962.03760361627,464622.930024882
