,NSk_mean,NSk_min,NSk_max,NSk_std,TV,CH
0,0.8821299457102653,0.68717434944878,1.0576235405350902,0.12365617857631588,33230.436033819824,712166.4491921356
