,NSk_mean,NSk_min,NSk_max,NSk_std,TV,CH
0,0.8970475294190412,0.5707320830321433,1.3737109199410258,0.2118450607549542,32078.83329668901,630467.2190438524
