,NSk_mean,NSk_min,NSk_max,NSk_std,TV,CH
0,0.90598284733473,0.41543996203699934,1.505905862933998,0.26068708701831045,33898.68697850967,217571.54351084548
