,NSk_mean,NSk_min,NSk_max,NSk_std,TV,CH
0,0.9043991231767624,0.75923885716388,1.110408398267026,0.11137664965599844,34500.78351074195,1024823.167832945
