,NSk_mean,NSk_min,NSk_max,NSk_std,TV,CH
0,0.921422386760312,0.5198957536827726,1.3871676997108005,0.1898359730572397,33420.100369684755,267157.59237938497
