,NSk_mean,NSk_min,NSk_max,NSk_std,TV,CH
0,0.9199751642733769,0.4040379271879772,1.505905862933998,0.2581825528301622,32631.128179055093,237543.62968434687
