,NSk_mean,NSk_min,NSk_max,NSk_std,TV,CH
0,0.9115662541238979,0.7318807562863828,1.114247770295669,0.12414682496500691,33986.36952368084,770559.7741245746
