,NSk_mean,NSk_min,NSk_max,NSk_std,TV,CH
0,0.9160399192538063,0.6030772794043819,1.3718213731334779,0.18618902452999805,33500.29492551614,285188.43647181115
