,NSk_mean,NSk_min,NSk_max,NSk_std,TV,CH
0,0.9183452416495721,0.36862146739558493,1.505905862933998,0.259680473481721,32305.768992282952,171432.15646901872
