,NSk_mean,NSk_min,NSk_max,NSk_std,TV,CH
0,0.9176944641703394,0.49565394724979284,1.3027090021946328,0.17985809189898705,34128.01209311171,264869.0844451922
