,NSk_mean,NSk_min,NSk_max,NSk_std,TV,CH
0,0.9238150623314318,0.6739936757688718,1.149250285588871,0.12806403831914123,33815.02141220668,758760.5014323738
