,NSk_mean,NSk_min,NSk_max,NSk_std,TV,CH
0,0.947619316286544,0.7609678522983323,1.2072357852339248,0.14699652169734748,34645.8520694828,1179742.2730792975
