,NSk_mean,NSk_min,NSk_max,NSk_std,TV,CH
0,0.8999627696650959,0.46612611808183024,1.421324999294165,0.2405770521565371,32805.65426418622,323098.62951934105
