,NSk_mean,NSk_min,NSk_max,NSk_std,TV,CH
0,0.9244580165527095,0.5106813534351757,1.4512976387977798,0.21404424010930787,32248.159957847958,227759.68278632074
