,NSk_mean,NSk_min,NSk_max,NSk_std,TV,CH
0,0.9808736570904321,0.8607833556926633,1.137211822692953,0.08232195380060388,35870.47295985024,1253410.629054625
