,NSk_mean,NSk_min,NSk_max,NSk_std,TV,CH
0,0.9285853350659886,0.4040379271879772,1.505905862933998,0.253959281858367,33300.37879073849,226422.9190894054
