,NSk_mean,NSk_min,NSk_max,NSk_std,TV,CH
0,0.9283074586665996,0.37946145227796196,1.4555056795202697,0.2545404455312477,33287.44336762493,341119.01829538756
