,NSk_mean,NSk_min,NSk_max,NSk_std,TV,CH
0,0.9144748030928381,0.49565394724979284,1.4361768934382007,0.23884673961498354,33453.6838731847,341091.83836459334
