,NSk_mean,NSk_min,NSk_max,NSk_std,TV,CH
0,0.8939874517054682,0.6233666430972102,1.139117605832639,0.14511085019738562,32838.7366905653,593752.8140169812
