,NSk_mean,NSk_min,NSk_max,NSk_std,TV,CH
0,0.9130333499787932,0.5198957536827726,1.3871676997108005,0.19802237784978785,32828.17936977556,249349.64766895745
