,NSk_mean,NSk_min,NSk_max,NSk_std,TV,CH
0,0.9052599626165357,0.49565394724979284,1.3012040306519568,0.1833843330724493,33477.252034744364,255401.8844819255
