,NSk_mean,NSk_min,NSk_max,NSk_std,TV,CH
0,0.9576695754058684,0.6364110887291811,1.3448943692647692,0.1960585506107471,34339.23698547107,629383.1330016038
