,NSk_mean,NSk_min,NSk_max,NSk_std,TV,CH
0,0.940515952905299,0.8550732339135277,1.0855999820741973,0.08407781811116279,36189.796650106546,1821261.6630333648
