,NSk_mean,NSk_min,NSk_max,NSk_std,TV,CH
0,0.9285853350659885,0.4040379271879772,1.505905862933998,0.25395928185836714,33300.37879073849,182120.8665614128
