,NSk_mean,NSk_min,NSk_max,NSk_std,TV,CH
0,0.931287427309206,0.5930710290939754,1.2898522446199012,0.17070495748637302,34583.34724305526,271972.4615710175
