,NSk_mean,NSk_min,NSk_max,NSk_std,TV,CH
0,0.9155804776865966,0.4495166757069544,1.4179902912789752,0.23184728197811033,32165.21462185402,288837.24944140844
