,NSk_mean,NSk_min,NSk_max,NSk_std,TV,CH
0,0.9581886770944473,0.7032640220601241,1.1667807644768027,0.1260481284223867,34668.69191026041,794791.8599239184
