,NSk_mean,NSk_min,NSk_max,NSk_std,TV,CH
0,0.9285763953200015,0.6271082461560376,1.3718213731334779,0.1828229484020049,34151.054983883485,270608.2223986145
