,NSk_mean,NSk_min,NSk_max,NSk_std,TV,CH
0,0.8939874517054681,0.6233666430972102,1.139117605832639,0.14511085019738562,32838.7366905653,578610.2990617767
