,NSk_mean,NSk_min,NSk_max,NSk_std,TV,CH
0,0.9272563585130816,0.4495166757069544,1.4179902912789752,0.2262345351723463,32834.46523353741,338380.051777493
