,NSk_mean,NSk_min,NSk_max,NSk_std,TV,CH
0,0.9354597324314252,0.7413044731676498,1.1502834230241374,0.13189937297688994,35835.26448142317,1126271.6702214542
