,NSk_mean,NSk_min,NSk_max,NSk_std,TV,CH
0,0.9581886770944475,0.7032640220601241,1.1667807644768027,0.12604812842238672,34668.69191026041,850201.2830616402
