,NSk_mean,NSk_min,NSk_max,NSk_std,TV,CH
0,0.9360410151330992,0.540353685050499,1.3957080565245652,0.23533886542906338,34421.701062075175,854772.5726173982
