,NSk_mean,NSk_min,NSk_max,NSk_std,TV,CH
0,0.9241856196743474,0.7318807562863829,1.1144515302699198,0.10800086874473723,34113.363347370185,1189574.3393012907
