,NSk_mean,NSk_min,NSk_max,NSk_std,TV,CH
0,0.9202448486904122,0.5465906780651199,1.3544857133763257,0.18162158228812214,33657.860881167246,227358.0166789168
