,NSk_mean,NSk_min,NSk_max,NSk_std,TV,CH
0,0.9324883729537744,0.667125026135377,1.170634845984286,0.13118391581228275,32958.687217130886,631363.5380987759
