,NSk_mean,NSk_min,NSk_max,NSk_std,TV,CH
0,0.9291776343980832,0.5880206705904025,1.2829830124636754,0.1967210689810685,32016.880120532143,776213.8793098427
