,NSk_mean,NSk_min,NSk_max,NSk_std,TV,CH
0,0.9360410151330993,0.540353685050499,1.3957080565245652,0.23533886542906335,34421.701062075175,802966.3362890566
