,NSk_mean,NSk_min,NSk_max,NSk_std,TV,CH
0,0.9124024535255782,0.4060622884396483,1.505905862933998,0.2325802342004444,32105.94940377803,191132.61390748186
