,NSk_mean,NSk_min,NSk_max,NSk_std,TV,CH
0,0.9309600138023651,0.4040379271879772,1.505905862933998,0.2603310763243358,33615.61968178619,243644.30718482521
