,mape,smape,nrmse,mae
value,0.3310838865677919,0.30587497010521963,0.32696485375424306,116.5512918732322
