,mape,smape,nrmse,mae
value,0.3021562847385631,0.2784810937134915,0.30407395568878354,108.53387702786982
