,mape,smape,nrmse,mae
value,0.24656123,0.19956961,0.20112133,63.84874
