,mape,smape,nrmse,mae
value,0.28081149660273247,0.2552360540475641,0.2773615958004836,97.07984881270929
