,mape,smape,nrmse,mae
value,0.2790715636941558,0.26115952147833654,0.28122785720149973,99.13937153187061
