,mape,smape,nrmse,mae
value,0.36710706,0.49631327,0.44306934,122.55391
