,mape,smape,nrmse,mae
mean,0.405819552,0.5668276860000001,0.4603484419999999,138.46462400000001
std,0.09940866361059954,0.2284799419412586,0.14679940075250938,46.45879933170835
