,mape,smape,nrmse,mae
value,0.3161549387195358,0.29182252348635007,0.3042502978598504,107.72313001212765
