,mape,smape,nrmse,mae
mean,0.30185563406455584,0.27851483256619236,0.29877571206097203,105.80550385156191
std,0.02010383462423077,0.0188084090468424,0.01799534256411395,7.030898185128875
