,mape,smape,nrmse,mae
value,0.50511426,0.80415565,0.59954804,185.76172
